<?xml version="1.0" encoding="UTF-8"?>
<addon id="plugin.video.ddlvalley" version="0.0.4" name="ddlvalley" provider-name="TheYid">
    <requires>
        <import addon="xbmc.python" version="1.0"/>
        <import addon="script.module.TheYid.common" version="0.1.0"/>
        <import addon="script.module.urlresolver" version="0.0.1"/>
    </requires>
    <extension point="xbmc.python.pluginsource" library="default.py">
        <provides>video</provides>
    </extension>
    <extension point="xbmc.addon.metadata">
        <summary>Browse ddlvalley</summary>
        <description>Play a wide selection of movies Tv shows from ddlvalley</description>
        <platform>all</platform>
    </extension>
</addon>
