<?xml version="1.0" encoding="UTF-8"?>
<addon id="plugin.video.yify" version="0.0.1" name="[COLOR darkorange]YIFY[/COLOR] Movies" provider-name="[COLOR blue][B]tcz009[/B][/COLOR] [B][I]TheYid REPO[/B][/I]">
    <requires>
        <import addon="xbmc.python" version="2.1.0"/>
        <import addon="script.module.TheYid.common" version="0.1.1"/>
        <import addon="script.module.urlresolver"  version="2.0.9"/>
    </requires>
    <extension point="xbmc.python.pluginsource" library="default.py">
        <provides>video</provides>
    </extension>
    <extension point="xbmc.addon.metadata">
        <summary>Stream from [COLOR darkorange]YIFY[/COLOR] Movies</summary>
        <description>Stream a wide selection of movies from [COLOR darkorange]YIFY[/COLOR] Movies.... best for 1080p 720p and 3D films.....  [COLOR red][B][I]YOU will need a real-debrid or a alldebrid account[/B][/I][/COLOR]</description>
        <platform>all</platform>
        <disclaimer lang="en">[COLOR red][B][I]please come to XBMCHUB.com and show your support thanks from @TheYid009 [/B][/I][/COLOR]</disclaimer>
    </extension>
</addon>

