<?xml version="1.0" encoding="UTF-8"?>
<addon id="plugin.video.myvideolinks" version="0.2.9" name="My Video Links [COLOR gold]eu[/COLOR]" provider-name="[COLOR blue][B]tcz009[/B][/COLOR] [B][I]TheYid REPO[/B][/I]">
    <requires>
        <import addon="xbmc.python" version="2.1.0"/>
        <import addon="script.module.TheYid.common" version="0.1.1"/>
        <import addon="script.module.urlresolver"  version="2.0.9"/>
    </requires>
    <extension point="xbmc.python.pluginsource" library="default.py">
        <provides>video</provides>
    </extension>
    <extension point="xbmc.addon.metadata">
        <summary>Stream Films from My Video Links [COLOR gold]eu[/COLOR] great for 1080p</summary>
        <description>Stream a wide selection of movies and tv shows from My Video Links [COLOR gold]eu[/COLOR] great 3D 1080p mp4 and mkv old and new movies... links supported are movreel 180upload billionuploads hugefiles lemuploads megarelease vidbull and for pepole with real-debrid or alldebrid you get netload turobit.....     [COLOR blue][B][I]for more info or help on this addon and TheYid repo please goto XBMCHUB.com[/B][/I][/COLOR]</description>
        <platform>all</platform>
        <disclaimer lang="en">[COLOR red][B][I]for more info or help on this addon and TheYid repo please goto XBMCHUB.com[/B][/I][/COLOR]</disclaimer>
    </extension>
</addon>
