<?xml version="1.0" encoding="UTF-8"?>
<addon id="plugin.video.naked-sluts" version="0.0.1" name="Naked xxx" provider-name="TheYid">
    <requires>
        <import addon="xbmc.python" version="1.0"/>
        <import addon="script.module.t0mm0.common" version="0.0.1"/>
        <import addon="script.module.urlresolver" version="0.0.1"/>
    </requires>
    <extension point="xbmc.python.pluginsource" library="default.py">
        <provides>video</provides>
    </extension>
    <extension point="xbmc.addon.metadata">
        <summary>Stream adult movies</summary>
        <description>OVER 18's ONLY........ Stream a wide selection of adult movies from Naked xxx ........... OVER 18's ONLY........ Real-Debrid ONLY</description>
        <platform>all</platform>
    </extension>
</addon>
