<?xml version="1.0" encoding="UTF-8"?>
<addon id="plugin.video.allinone" version="0.3.2" name="Entertainment [COLOR dodgerblue][B]HUB[/B][/COLOR]" provider-name="[COLOR blue][B]tcz009[/B][/COLOR] [B][I]TheYid REPO[/B][/I]">
    <requires>
        <import addon="xbmc.python" version="2.1.0"/>
        <import addon="script.module.TheYid.common" version="0.1.1"/>
        <import addon="script.module.urlresolver"  version="2.0.9"/>
    </requires>
    <extension point="xbmc.python.pluginsource" library="default.py">
        <provides>video</provides>
    </extension>
    <extension point="xbmc.addon.metadata">
        <summary>All in one for all scene releases movie and tv show lovers free on demand streaming 720p 1080p HD SD MP4 MKV AVI </summary>
        <description>Play a wide selection of scene release movies and Tv shows from OneClickWatch OneClickMoviz WatchTheTapes Viooz Ultra-vid WtbVideo WatchTvShows Zmovies Movie-Kingdom DDLvally MyVideoLinks OnelineMoviesPlayer.... best hosts are putlocker vidto billionuploads vidbull 180upload movreel vidxden vidbux and many more... Best for HOLLYWOOD BOLLYWOOD HINDIE TAMIL INDIAN BANGLA MOVIES DUAL AUDIO</description>
        <platform>all</platform>
        <disclaimer lang="en">[COLOR red][B][I] @TheYid009 [/B][/I][/COLOR]</disclaimer>
    </extension>
</addon>
