<?xml version="1.0" encoding="UTF-8" standalone="yes"?>
	<addon
        id="plugin.audio.rinsefmplayer" 
        name="Rinse FM" 
        version="1.0.7" 
        provider-name="@TheYid009">
		<requires>
			<import addon="xbmc.python"             	version="2.1.0"/>
			<import addon="xbmc.addon"              	version="12.1.0"/>
                     <import addon="script.module.TheYid.common" version="0.1.1"/>
		</requires>
		<extension point="xbmc.python.pluginsource" library="default.py">
			<provides>audio</provides>
		</extension>
		<extension point="xbmc.addon.metadata">
			<summary lang="en">Rinse FM player Lock in LIVE: 106.8 FM in London or http://radio.rinse.fm/ - find out who's playing right now here: http://rinse.fm/player/Studio.  Call or SMS: +44 (0)7539 863 117. BBM instant messaging: 21FF5BFF</summary>
			<description lang="en">Rinse has dominated Londons radio airwaves for over a decade as a hub of the capitals thriving urban music community From Dubstep to Grime to House and everything in between Rinse has championed Londons diverse cultural needs reaching massively under represented communities with grass roots music... Tweet us at @rinsefm</description>
			<disclaimer lang="en">All streams and content is owned by Rinse FM...</disclaimer>
			<platform>all</platform>
			<license>GNU GENERAL PUBLIC LICENSE. Version 3, June 2007</license>
			<language>en</language>
			<forum>www.xbmchub.com</forum>
			<website>http://rinse.fm/</website>
			<email>@ThYid009</email>
			<source>http://rinse.fm/</source>
		</extension>
	</addon>