<?xml version="1.0" encoding="UTF-8"?>
<addon id="plugin.video.newrls" version="0.0.2" name="New Rls" provider-name="TheYid">
    <requires>
        <import addon="xbmc.python" version="1.0"/>
        <import addon="script.module.TheYid.common" version="0.1.0"/>
        <import addon="script.module.urlresolver" version="0.0.1"/>
    </requires>
    <extension point="xbmc.python.pluginsource" library="default.py">
        <provides>video</provides>
    </extension>
    <extension point="xbmc.addon.metadata">
        <summary>Browse New Rls</summary>
        <description>Play a wide selection of movies and Tv shows from New Rls</description>
        <platform>all</platform>
    </extension>
</addon>
