<?xml version="1.0" encoding="UTF-8"?>
<addon id="plugin.video.allinone" version="0.5.2" name="Entertainment [COLOR dodgerblue][B]HUB[/B][/COLOR]" provider-name="[COLOR blue][B]tcz009[/B][/COLOR] [B][I]TheYid REPO[/B][/I]">
    <requires>
        <import addon="xbmc.python" version="2.1.0"/>
        <import addon="script.module.TheYid.common" version="0.1.1"/>
        <import addon="script.module.urlresolver"  version="2.0.9"/>
    </requires>
    <extension point="xbmc.python.pluginsource" library="default.py">
        <provides>video</provides>
    </extension>
    <extension point="xbmc.addon.metadata">
        <summary>All in one [COLOR lime]SUPER ADDON[/COLOR] for all you movies tv shows sports and music video lovers free on demand streaming 720p 1080p HD SD MP4 MKV AVI</summary>
        <description>Play a wide selection of scene release movies and Tv shows from OneClickWatch OneClickMoviz WatchTheTapes Viooz Ultra-vid WtbVideo WatchTvShows Zmovies Movie-Kingdom DDLvally MyVideoLinks and loads more in this [COLOR lime]SUPER ADDON[/COLOR] 1000's and 1000's of movies and tv shows all free.... best hosts are putlocker vidto billionuploads vidbull 180upload movreel vidxden vidbux and many many more... Best for HOLLYWOOD SPANISH BOLLYWOOD HINDIE TAMIL INDIAN BANGLA MOVIES DUAL AUDIO</description>
        <platform>all</platform>
        <disclaimer lang="en">[COLOR red][B][I] @TheYid009 [/B][/I][/COLOR] [COLOR dodgerblue][B]xbmchub.com[/B][/COLOR]</disclaimer>
    </extension>
</addon>
