<?xml version="1.0" encoding="UTF-8" standalone="yes"?>
<addon id="repository.YourRepo" name="TheYid" version="1.1" provider-name="[COLOR blue][B]TheYid009[/B][/COLOR] [B][I]TheYid's [COLOR blue]Backup[/COLOR] REPO[/B][/I]">
	<extension point="xbmc.addon.repository" name="[B][I]TheYid's [COLOR blue]Backup[/COLOR] REPO[/B][/I]">
		<info compressed="false">https://bitbucket.org/tcz009/private-repo/raw/master/addons.xml</info>
		<checksum>https://bitbucket.org/tcz009/private-repo/raw/master/addons.xml.md5</checksum>
		<datadir zip="true">https://bitbucket.org/tcz009/private-repo/raw/master/zips</datadir>
	</extension>
	<extension point="xbmc.addon.metadata">
		<summary>[B][I]TheYid's [COLOR blue]Backup[/COLOR] REPO[/B][/I]</summary>
		<description>[B][I]TheYid's [COLOR blue]Backup[/COLOR] REPO[/B][/I]</description>
		<platform>all</platform>
	</extension>
</addon>
