<?xml version="1.0" encoding="UTF-8" standalone="yes"?>
	<addon
        id="plugin.audio.rinsefmplayer" 
        name="Rinse FM" 
        version="0.0.3" 
        provider-name="@TheYid009">
		<requires>
			<import addon="xbmc.python"             	version="2.1.0"/>
			<import addon="xbmc.addon"              	version="12.1.0"/>
		</requires>
		<extension point="xbmc.python.pluginsource" library="default.py">
			<provides>audio</provides>
		</extension>
		<extension point="xbmc.addon.metadata">
			<summary lang="en">Rinse FM player</summary>
			<description lang="en">Rinse has dominated Londons radio airwaves for over a decade as a hub of the capitals thriving urban music community From Dubstep to Grime to House and everything in between Rinse has championed Londons diverse cultural needs reaching massively under represented communities with grass roots music</description>
			<disclaimer lang="en">All streams and content is owned by Rinse FM...</disclaimer>
			<platform>all</platform>
			<license>GNU GENERAL PUBLIC LICENSE. Version 3, June 2007</license>
			<language>en</language>
			<forum>www.xbmchub.com</forum>
			<website>http://rinse.fm/</website>
			<email>@ThYid009</email>
			<source>http://rinse.fm/</source>
		</extension>
	</addon>