<?xml version="1.0" encoding="UTF-8" standalone="yes"?>
	<addon
        id="plugin.audio.roughtempo" 
        name="Rough Tempo" 
        version="0.0.4" 
        provider-name="@TheYid009">
		<requires>
			<import addon="xbmc.python"             	version="2.1.0"/>
			<import addon="xbmc.addon"              	version="12.1.0"/>
		</requires>
		<extension point="xbmc.python.pluginsource" library="default.py">
			<provides>audio</provides>
		</extension>
		<extension point="xbmc.addon.metadata">
			<summary lang="en">Rough Tempo, WINNER OF BEST RADIO STATION - THE DRUM AND BASS AWARDS 2014 (Live video streaming)</summary>
			<description lang="en">www.roughtempo.com Over 120 Hours a week of LIVE DJs from the UK and Worldwide with Multiple Cams, Chat and Huge name Special Guests Weekly.. [CR] PREVIOUS SPECIAL GUESTS INCLUDE: TC - ORIGINAL SIN - HEIST - KRAFTY KUTS - MODESTEP - DARREN STYLES - GAMMER - HAMILTON - LOGAN D - SDC - AYAH MARAR - APHRODITE - KENNY KEN - SLIPMATT - ELLIS DEE - RAGGA TWINS - BROCKIE - JUMPING JACK FROST - DEVIOUS D and MANY MORE!!</description>
			<disclaimer lang="en">All streams and content is owned by Rough Tempo... Addon code provided by atb a member from xbmchub forum and reworked by TheYid's REPO</disclaimer>
			<platform>all</platform>
			<license>GNU GENERAL PUBLIC LICENSE. Version 3, June 2007</license>
			<language>en</language>
			<forum>www.xbmchub.com</forum>
			<website>www.roughtempo.com</website>
			<email>@ThYid009</email>
			<source>www.roughtempo.com</source>
		</extension>
	</addon>