<?xml version="1.0" encoding="UTF-8" standalone="yes"?>
	<addon
        id="plugin.audio.raveplayer" 
        name="Rave player" 
        version="1.0.7" 
        provider-name="@TheYid009">
		<requires>
			<import addon="xbmc.python"             	version="2.1.0"/>
			<import addon="xbmc.addon"              	version="12.1.0"/>
                     <import addon="script.module.TheYid.common" version="0.1.1"/>
		</requires>
		<extension point="xbmc.python.pluginsource" library="default.py">
			<provides>audio</provides>
		</extension>
		<extension point="xbmc.addon.metadata">
			<summary lang="en">Stream rave music</summary>
			<description lang="en">Stream oldskool rave tape packs oldskool pirate radio sets podcasts mixtapes live oldskool radio acid house hardcore jungle drum n bass and more</description>
			<disclaimer lang="en">The author does not host or distribute any of the content displayed by this addon</disclaimer>
			<platform>all</platform>
			<license>GNU GENERAL PUBLIC LICENSE. Version 3, June 2007</license>
			<language>en</language>
			<forum>www.xbmchub.com</forum>
			<website>raveplayer</website>
			<email>@ThYid009</email>
			<source>TheYidsREPO</source>
		</extension>
	</addon>