<?xml version="1.0" encoding="UTF-8"?>
<addon id="plugin.video.cinevip" version="0.0.5" name="Cine [COLOR gold]VIP[/COLOR]" provider-name="[COLOR blue][B]tcz009[/B][/COLOR] [B][I]TheYid REPO[/B][/I]">
    <requires>
        <import addon="xbmc.python" version="1.0"/>
        <import addon="script.module.TheYid.common" version="0.0.1"/>
        <import addon="script.module.urlresolver" version="0.0.1"/>
    </requires>
    <extension point="xbmc.python.pluginsource" library="default.py">
        <provides>video</provides>
    </extension>
    <extension point="xbmc.addon.metadata">
        <summary>Cine [COLOR gold]VIP[/COLOR] </summary>
        <description>Cine [COLOR gold]VIP[/COLOR] The best place to watch movies online for free you can find subtitled movies Spanish movies and Movies in Audio Latino</description>
        <platform>all</platform>
        <disclaimer lang="en">[COLOR red][B][I]for more info or help on this addon and TheYid repo please goto XBMCHUB.com[/B][/I][/COLOR]</disclaimer>
    </extension>
</addon>

