<?xml version="1.0" encoding="UTF-8"?>
<addon id="plugin.video.releaseBB" version="0.4.6" name="Release[COLOR orange][B]BB[/B][/COLOR]" provider-name="[COLOR blue][B]tcz009[/B][/COLOR] [B][I]TheYid REPO[/B][/I]">
    <requires>
        <import addon="xbmc.python" version="2.1.0"/>
        <import addon="script.module.t0mm0.common" version="2.1.1"/>
        <import addon="script.module.urlresolver"  version="2.0.9"/>
        <import addon="script.module.simplejson" version="3.3.0"/>
    </requires>
    <extension point="xbmc.python.pluginsource" library="default.py">
        <provides>video</provides>
    </extension>
    <extension point="xbmc.addon.metadata">
        <summary>Browse Release[COLOR orange][B]BB[/B][/COLOR]</summary>
        <description>Stream a wide selection of scene release movies and Tv shows from releaseBB.... [COLOR red][B][I]YOU will need a real-debrid or a alldebrid account[/B][/I][/COLOR]</description>
        <platform>all</platform>
        <disclaimer lang="en">[COLOR red][B][I]SAY NO TO ADVERTISING IN ADDONS please come to XBMCHUB.com and show your support thanks from @TheYid009 [/B][/I][/COLOR]</disclaimer>
    </extension>
</addon>
