<?xml version="1.0" encoding="UTF-8"?>
<addon id="plugin.video.ddlvalley" version="0.2.0" name="[COLOR blue]DDL[/COLOR]valley" provider-name="[COLOR blue][B]tcz009[/B][/COLOR] [B][I]TheYid REPO[/B][/I]">
    <requires>
        <import addon="xbmc.python" version="2.1.0"/>
        <import addon="script.module.TheYid.common" version="0.1.1"/>
        <import addon="script.module.urlresolver"  version="2.0.9"/>
    </requires>
    <extension point="xbmc.python.pluginsource" library="default.py">
        <provides>video</provides>
    </extension>
    <extension point="xbmc.addon.metadata">
        <summary>Browse ddlvalley</summary>
        <description>Stream a wide selection of scene release movies and Tv shows from DDLvalley.... [COLOR red][B][I]YOU will need a real-debrid or a alldebrid account[/B][/I][/COLOR]</description>
        <platform>all</platform>
        <disclaimer lang="en">[COLOR red][B][I]for more info or help on this addon and TheYid repo please goto XBMCHUB.com[/B][/I][/COLOR]</disclaimer>
    </extension>
</addon>
