<?xml version="1.0" encoding="UTF-8"?>
<addon id="plugin.video.omp" version="0.0.9" name="Online [COLOR darkorchid]Movies[/COLOR] Player" provider-name="[COLOR blue][B]tcz009[/B][/COLOR] [B][I]TheYid REPO[/B][/I]">
    <requires>
        <import addon="xbmc.python" version="2.1.0"/>
        <import addon="script.module.TheYid.common" version="0.1.1"/>
        <import addon="script.module.urlresolver"  version="2.0.9"/>
    </requires>
    <extension point="xbmc.python.pluginsource" library="default.py">
        <provides>video</provides>
    </extension>
    <extension point="xbmc.addon.metadata">
        <summary>Browse Online Movie Player new and old films</summary>
        <description>Stream a wide selection Movies from Online Movie Player.... Great for Old movies, ufc and loads more... best hosts are putlocker vidhog divxstage sharesix nowvideo vidbux + more</description>
        <platform>all</platform>
        <disclaimer lang="en">[COLOR red][B][I]SAY NO TO ADVERTISING IN ADDONS please come to XBMCHUB.com and show your support thanks from @TheYid009 [/B][/I][/COLOR]</disclaimer>
    </extension>
</addon>

