<?xml version="1.0" encoding="UTF-8"?>
<addon id="plugin.video.releasethread" version="0.0.5" name="Release Thread" provider-name="[COLOR blue][B]tcz009[/B][/COLOR] [B][I]TheYid REPO[/B][/I]">
    <requires>
        <import addon="xbmc.python" version="1.0"/>
        <import addon="script.module.TheYid.common" version="0.1.0"/>
        <import addon="script.module.urlresolver" version="0.0.1"/>
    </requires>
    <extension point="xbmc.python.pluginsource" library="default.py">
        <provides>video</provides>
    </extension>
    <extension point="xbmc.addon.metadata">
        <summary>pre Release of Release Thread</summary>
        <description>Stream a wide selection of movies and tv shows from Release Thread YOU will need a real-debrid or a alldebrid account for more info on this addon and TheYid repo please goto XBMCHUB</description>
        <platform>all</platform>
        <disclaimer lang="en">[COLOR red][B][I]This is a pre Release.....[/B][/I][/COLOR]YOU will need a real-debrid or a alldebrid account for more info on this addon and TheYid repo please goto XBMCHUB</disclaimer>
    </extension>
</addon>
