<?xml version="1.0" encoding="UTF-8"?>
<addon id="plugin.video.allinone" version="7.4.7" name="Entertainment [COLOR dodgerblue][B]HUB[/B][/COLOR]" provider-name="@TheYid009">
    <requires>
        <import addon="xbmc.python" version="2.1.0"/>
        <import addon="script.module.TheYid.common" version="0.1.1"/>
        <import addon="script.module.urlresolver"  version="2.0.9"/>
        <import addon="script.module.simplejson" version="3.3.0"/>
    </requires>
    <extension point="xbmc.python.pluginsource" library="default.py">
        <provides>video</provides>
    </extension>
    <extension point="xbmc.addon.metadata">
        <summary>All in one [COLOR lime]SUPER ADDON[/COLOR] for all you movies tv shows sports and music lovers free on demand streaming 720p 1080p HD SD MP4 MKV AVI AND NOW with 1000s 0f live streams</summary>
        <description>Play a wide selection of scene release movies and Tv shows from OneClickWatch ClickNWatchOnline 300MbMovies4u Links and loads more in this [COLOR lime]SUPER ADDON[/COLOR] 1000's and 1000's of movies and tv shows all free.... best hosts are vidlocker hugefiles vidto billionuploads vidbull 180upload movreel vidxden vidbux and many many more...NOW WITH RADIO STREAMING</description>
        <platform>all</platform>
	 <website>http://www.tvaddons.ag/</website>
        <forum>http://www.tvaddons.ag/forums/forums/146-THEYID-REPO</forum>
	 <email>Twitter @TheYid009</email>
        <disclaimer lang="en">[COLOR red][B][I] @TheYid009 [/B][/I][/COLOR] [COLOR dodgerblue][B]www.tvaddons.ag[/B][/COLOR]</disclaimer>
    </extension>
</addon>
