<?xml version="1.0" encoding="UTF-8"?>
<addon id="plugin.video.filmlinks4u" version="0.0.2" name="Film Links 4U" provider-name="[COLOR blue][B]tcz009[/B][/COLOR] [B][I]TheYid REPO[/B][/I]">
    <requires>
        <import addon="xbmc.python" version="1.0"/>
        <import addon="script.module.TheYid.common" version="0.0.1"/>
        <import addon="script.module.urlresolver" version="0.0.1"/>
    </requires>
    <extension point="xbmc.python.pluginsource" library="default.py">
        <provides>video</provides>
    </extension>
    <extension point="xbmc.addon.metadata">
        <summary>Browse Film Links 4U</summary>
        <description>Stream movies in English, hindi, Telugu, Tamil, Gujarati, Malayalam, Kannada, Punjabi, Bengali, Malayalam, + Dubbed Animation</description>
        <platform>all</platform>
        <disclaimer lang="en">[COLOR red][B][I]for more info or help on this addon and TheYid repo please goto XBMCHUB.com[/B][/I][/COLOR]</disclaimer>
    </extension>
</addon>

