<?xml version="1.0" encoding="UTF-8"?>
<addon id="plugin.video.myvideolinks" version="2.0.9" name="MyVideoLinks" provider-name="@TheYid009">
    <requires>
        <import addon="xbmc.python" version="2.1.0"/>
        <import addon="script.module.TheYid.common" version="0.1.1"/>
        <import addon="script.module.urlresolver"  version="2.0.9"/>
        <import addon="script.module.simplejson" version="3.3.0"/>
    </requires>
    <extension point="xbmc.python.pluginsource" library="default.py">
        <provides>video</provides>
    </extension>
    <extension point="xbmc.addon.metadata">
        <summary>Stream Films from MyVideoLinks</summary>
        <description>Stream a wide selection of movies and tv shows from MyVideoLinks great 3D 1080p mp4 and mkv old and new movies... Hosts supported are movreel 180upload mightyuploads hugefiles vidbull and a Direct Link to V-vids if you have a real-debrid account you also get turbobit and secureupload hosts</description>
        <platform>all</platform>
        <disclaimer lang="en">[COLOR red][B][I]for more info or help on this addon and TheYid repo please go to www.tvaddons.ag [/B][/I][/COLOR]</disclaimer>
    </extension>
</addon>
