<?xml version="1.0" encoding="UTF-8"?>
<addon id="plugin.video.releaseBB" version="0.1.1" name="releaseBB" provider-name="TheYid">
    <requires>
        <import addon="xbmc.python" version="1.0"/>
        <import addon="script.module.TheYid.common" version="0.1.0"/>
        <import addon="script.module.urlresolver" version="0.0.1"/>
    </requires>
    <extension point="xbmc.python.pluginsource" library="default.py">
        <provides>video</provides>
    </extension>
    <extension point="xbmc.addon.metadata">
        <summary>Browse releaseBB</summary>
        <description>Play a wide selection of scene release movies and Tv shows from releaseBB.... YOU will need a real-debrid or a alldebrid account</description>
        <platform>all</platform>
    </extension>
</addon>
