<?xml version="1.0" encoding="UTF-8"?>
<addon id="plugin.video.1080ptvseries" version="0.0.3" name="[COLOR blue]HD[/COLOR] Series" provider-name="[COLOR blue][B]tcz009[/B][/COLOR] [B][I]TheYid REPO[/B][/I]">
    <requires>
        <import addon="xbmc.python" version="2.1.0"/>
        <import addon="script.module.TheYid.common" version="0.1.1"/>
        <import addon="script.module.urlresolver"  version="2.0.9"/>
    </requires>
    <extension point="xbmc.python.pluginsource" library="default.py">
        <provides>video</provides>
    </extension>
    <extension point="xbmc.addon.metadata">
        <summary>Browse ddlvalley</summary>
        <description>Stream a wide selection of 1080p and 720p full [COLOR blue]HD[/COLOR] Series [COLOR red][B][I]YOU need real-debrid [/B][/I][/COLOR]</description>
        <platform>all</platform>
        <disclaimer lang="en">[COLOR red][B][I]for more info or help on this addon and TheYid repo please goto XBMCHUB.com[/B][/I][/COLOR]</disclaimer>
    </extension>
</addon>
