<?xml version="1.0" encoding="UTF-8"?>
<addon id="plugin.video.sportsmania" version="2.2.4" name="SportsMania" provider-name="SportsMania">
    <requires>
        <import addon="xbmc.python" version="2.1.0"/>
	 <import addon="script.module.t0mm0.common" version="1.1.0"/>
	 <import addon="script.module.beautifulsoup"/>
    </requires>
    <extension point="xbmc.python.pluginsource" library="default.py">
        <provides>video</provides>
    </extension>
    <extension point="xbmc.addon.metadata">
        <summary lang="en">SportsMania</summary>
        <description lang="en">SportsMania</description>
        <platform>all</platform>
   </extension>
</addon>
