<?xml version="1.0" encoding="UTF-8"?>
<addon id="plugin.video.1-linkmovies" version="0.0.6" name="1-link movies" provider-name="[COLOR blue][B]tcz009[/B][/COLOR] [B][I]TheYid REPO[/B][/I]">
    <requires>
        <import addon="xbmc.python" version="1.0"/>
        <import addon="script.module.TheYid.common" version="0.0.1"/>
        <import addon="script.module.urlresolver" version="0.0.1"/>
    </requires>
    <extension point="xbmc.python.pluginsource" library="default.py">
        <provides>video</provides>
    </extension>
    <extension point="xbmc.addon.metadata">
        <summary>Browse 1-link movies</summary>
        <description>Stream a wide selection Movies from 1-link movies.... best hosts are vidto allmyvideos billionuploads vidbull 180upload movreel vidxden vidbux + more</description>
        <platform>all</platform>
        <disclaimer lang="en">[COLOR red][B][I]SAY NO TO ADVERTISING IN ADDONS please come to XBMCHUB.com and show your support thanks from @TheYid009 [/B][/I][/COLOR]</disclaimer>
    </extension>
</addon>

