<?xml version="1.0" encoding="UTF-8"?>
<addon id="plugin.video.aob" version="2.2.0" name="Adult's Only [COLOR deeppink][B]HUB[/B][/COLOR]" provider-name="[COLOR blue][B]tcz009[/B][/COLOR] [B][I]TheYid REPO[/B][/I]">
    <requires>
        <import addon="xbmc.python" version="2.1.0"/>
        <import addon="script.module.t0mm0.common" version="2.1.1"/>
        <import addon="script.module.urlresolver"  version="2.0.9"/>
        <import addon="script.module.simplejson" version="3.3.0"/>
    </requires>
    <extension point="xbmc.python.pluginsource" library="default.py">
        <provides>video</provides>
    </extension>
    <extension point="xbmc.addon.metadata">
        <summary>OVER 18's 21s ONLY!!!!!Stream [COLOR red]XXX[/COLOR] movies [COLOR red][B][I]Real-Debrid or Alldebird PREMIUM ONLY[/B][/I][/COLOR]</summary>
        <description>OVER 18's 21s ONLY!!!!!........ [CR]Stream all of TheYids Adult Addons in one!!! [CR][COLOR red]XXX[/COLOR] movies[COLOR red]XXX[/COLOR].......... OVER 18's 21's ONLY [COLOR red]XXX[/COLOR]...... [CR][COLOR red][B][I]Real-Debrid or Alldebird PREMIUM ONLY[/B][/I][/COLOR] [CR][COLOR blue][B][I]!!!!! DO NOT INSTALL THIS ADDON IF YOU ARE UNDER 18 or 21. DO NOT INSTALL THIS ADDON IF YOU DO NOT HAVE A PREMIUM DEBIRD ACCOUNT !!!!![/B][/I][/COLOR]</description>
        <platform>all</platform>
        <disclaimer lang="en">[COLOR red][B][I]!!!!! DO NOT INSTALL THIS ADDON IF YOU ARE UNDER 18 or 21. DO NOT INSTALL THIS ADDON IF YOU DO NOT HAVE A PREMIUM DEBIRD ACCOUNT !!!!![/B][/I][/COLOR]  [COLOR red][B][I]Real-Debrid or Alldebird PREMIUM ONLY[/B][/I][/COLOR]  [COLOR red][B][I]!!!!! DO NOT INSTALL THIS ADDON IF YOU ARE UNDER 18 or 21. DO NOT INSTALL THIS ADDON IF YOU DO NOT HAVE A PREMIUM DEBIRD ACCOUNT !!!!![/B][/I][/COLOR]</disclaimer>
    </extension>
</addon>

