<?xml version="1.0" encoding="UTF-8"?>
<addon id="plugin.video.newmyvideolinks" version="0.1.4" name="Streams [COLOR red]4[/COLOR] U" provider-name="[COLOR blue][B]tcz009[/B][/COLOR] [B][I]TheYid REPO[/B][/I]">
    <requires>
        <import addon="xbmc.python" version="1.0"/>
        <import addon="script.module.TheYid.common" version="0.1.0"/>
        <import addon="script.module.urlresolver" version="0.0.1"/>
    </requires>
    <extension point="xbmc.python.pluginsource" library="default.py">
        <provides>video</provides>
    </extension>
    <extension point="xbmc.addon.metadata">
        <summary>[COLOR blue][B]THE ORIGINAL[/B][/COLOR] (newmyvideolinks) Streams [COLOR red]4[/COLOR] U great for 1080p and 3D</summary>
        <description>Stream a wide selection of movies & tv shows from Streams [COLOR red]4[/COLOR] U aka newmyvideolinks great 3D 1080p (old & new films) 720p, mp4 & mkv tv shows.. Free (NO real-debrid / alldebrid accounts NEEDED) links supported are 180upload, movreel, billionuploads, vidbull, HugeFiles... + Netload Turobit & Ultramegabit with real-debrid or alldebrid</description>
        <platform>all</platform>
        <disclaimer lang="en">[COLOR red][B][I]for more info or help on this addon and TheYid repo please goto XBMCHUB.com[/B][/I][/COLOR]</disclaimer>
    </extension>
</addon>
