<?xml version="1.0" encoding="UTF-8"?>
<addon id="plugin.video.singlelinkmoviez" version="0.1.3" name="Moviez [COLOR red]Moviez[/COLOR] Moviez" provider-name="[COLOR blue][B]tcz009[/B][/COLOR] [B][I]TheYid REPO[/B][/I]">
    <requires>
        <import addon="xbmc.python" version="1.0"/>
        <import addon="script.module.TheYid.common" version="0.1.0"/>
        <import addon="script.module.urlresolver" version="0.0.1"/>
    </requires>
    <extension point="xbmc.python.pluginsource" library="default.py">
        <provides>video</provides>
    </extension>
    <extension point="xbmc.addon.metadata">
        <summary>Stream movies from singlelinkmoviez</summary>
        <description>[COLOR red]UNCATEGORIZED dose not work it throws up a script error[/COLOR] stream a wide selection of Hollywood, Asian and Indian films from Moviez Moviez Moviez IT HAS THE LOT links FREE supported are SOCKSHARE, PUTLOCKER, and real-debrid are LETITBIT, TURBOBIT, RAPIDGATOR, EXTABIT, SHARE-ONLINE</description>
        <platform>all</platform>
        <disclaimer lang="en">[COLOR red][B][I]for more info or help on this addon and TheYid repo please goto XBMCHUB.com[/B][/I][/COLOR]</disclaimer>
    </extension>
</addon>