<?xml version="1.0" encoding="UTF-8" standalone="yes"?>
<addon id="repository.TheYid" name="TheYid's REPO" version="1.2" provider-name="tcz009">
	<extension point="xbmc.addon.repository" name="TheYid Addon Repository">
		<info compressed="false">https://raw.github.com/TheYid/My-Repo/master/addons.xml</info>
		<checksum>https://raw.github.com/TheYid/My-Repo/master/addons.xml.md5</checksum>
		<datadir zip="true">https://raw.github.com/TheYid/My-Repo/master/zips</datadir>
	</extension>
	<extension point="xbmc.addon.metadata">
		<summary>Install TheYid's repo Addons</summary>
		<description>install addons from tcz009 AKA TheYid .......For OFFICIAL Support please Visit XBMCHUB.COM or follow me on @TheYid009</description>
		<platform>all</platform>
	</extension>
</addon>

