<?xml version="1.0" encoding="UTF-8"?>
<addon id="plugin.video.ultra-vid" version="0.0.7" name="Ultra-Vid" provider-name="[COLOR blue][B]tcz009[/B][/COLOR] [B][I]TheYid REPO[/B][/I]">
    <requires>
        <import addon="xbmc.python" version="1.0"/>
        <import addon="script.module.TheYid.common" version="0.0.1"/>
        <import addon="script.module.urlresolver" version="0.0.1"/>
    </requires>
    <extension point="xbmc.python.pluginsource" library="default.py">
        <provides>video</provides>
    </extension>
    <extension point="xbmc.addon.metadata">
        <summary>Browse ultra-vid</summary>
        <description>Stream a wide selection of movies from ultra-vid hosts are putlocker vidto allmyvideos billionuploads vidbull 180upload vidhog sharesix vidxden vidbux + more...       If there has been no links added it will not select or if the hosts are not compatible with urlresolver you will get a script error... only 1 page pre category at the mo......</description>
        <platform>all</platform>
        <disclaimer lang="en">[COLOR red][B][I]for more info or help on this addon and TheYid repo please goto XBMCHUB.com[/B][/I][/COLOR]</disclaimer>
    </extension>
</addon>

