<?xml version="1.0" encoding="UTF-8"?>
<addon id="plugin.video.newmyvideolinks" version="0.2.0" name="Streams 4 U" provider-name="[COLOR blue][B]tcz009[/B][/COLOR] [B][I]TheYid REPO[/B][/I]">
    <requires>
        <import addon="xbmc.python" version="1.0"/>
        <import addon="script.module.TheYid.common" version="0.1.0"/>
        <import addon="script.module.urlresolver" version="0.0.1"/>
    </requires>
    <extension point="xbmc.python.pluginsource" library="default.py">
        <provides>video</provides>
    </extension>
    <extension point="xbmc.addon.metadata">
        <summary>Stream Films and tv shows from Streams 4 U great for 1080p mp4 mkv 3D</summary>
        <description>Stream a wide selection of movies and tv shows from Streams 4 U aka newmyvideolinks great 3D 1080p old and new films 720p, mp4 & mkv tv shows.. Free NO real-debrid or alldebrid accounts NEEDED links supported are 180upload movreel billionuploads vidbull HugeFiles and  Netload Turobit and Ultramegabit with real-debrid or alldebrid</description>
        <platform>all</platform>
    </extension>
</addon>
